{"category": "CRIME", "headline": "There Were 2 Mass Shootings In Texas Last Week, But Only 1 On TV", "authors": "Melissa Jeltsen", "link": "https://www.huffingtonpost.com/entry/texas-amanda-painter-mass-shooting_us_5b081ab4e4b0802d69caad89", "short_description": "She left her husband. He killed their children. Just another day in America.", "date": "2018-05-26"}
{"category": "ENTERTAINMENT", "headline": "Will Smith Joins Diplo And Nicky Jam For The 2018 World Cup's Official Song", "authors": "Andy McDonald", "link": "https://www.huffingtonpost.com/entry/will-smith-joins-diplo-and-nicky-jam-for-the-official-2018-world-cup-song_us_5b09726fe4b0fdb2aa541201", "short_description": "Of course it has a song.", "date": "2018-05-26"}
{"category": "ENTERTAINMENT", "headline": "Hugh Grant Marries For The First Time At Age 57", "authors": "Ron Dicker", "link": "https://www.huffingtonpost.com/entry/hugh-grant-marries_us_5b09212ce4b0568a880b9a8c", "short_description": "The actor and his longtime girlfriend Anna Eberstein tied the knot in a civil ceremony.", "date": "2018-05-26"}
{"category": "ENTERTAINMENT", "headline": "Jim Carrey Blasts 'Castrato' Adam Schiff And Democrats In New Artwork", "authors": "Ron Dicker", "link": "https://www.huffingtonpost.com/entry/jim-carrey-adam-schiff-democrats_us_5b0950e8e4b0fdb2aa53e675", "short_description": "The actor gives Dems an ass-kicking for not fighting hard enough against Donald Trump.", "date": "2018-05-26"}
{"category": "ENTERTAINMENT", "headline": "Julianna Margulies Uses Donald Trump Poop Bags To Pick Up After Her Dog", "authors": "Ron Dicker", "link": "https://www.huffingtonpost.com/entry/julianna-margulies-trump-poop-bag_us_5b093ec2e4b0fdb2aa53df70", "short_description": "The \"Dietland\" actress said using the bags is a \"really cathartic, therapeutic moment.\"", "date": "2018-05-26"}
{"category": "ENTERTAINMENT", "headline": "Morgan Freeman 'Devastated' That Sexual Harassment Claims Could Undermine Legacy", "authors": "Ron Dicker", "link": "https://www.huffingtonpost.com/entry/morgan-freeman-devastated-sexual-misconduct_us_5b096319e4b0802d69cba298", "short_description": "\"It is not right to equate horrific incidents of sexual assault with misplaced compliments or humor,\" he said in a statement.", "date": "2018-05-26"}
{"category": "ENTERTAINMENT", "headline": "Donald Trump Is Lovin' New McDonald's Jingle In 'Tonight Show' Bit", "authors": "Ron Dicker", "link": "https://www.huffingtonpost.com/entry/donald-trump-mcondalds-tonight-show_us_5b093561e4b0fdb2aa53daba", "short_description": "It's catchy, all right.", "date": "2018-05-26"}
{"category": "ENTERTAINMENT", "headline": "What To Watch On Amazon Prime That s New This Week", "authors": "Todd Van Luling", "link": "https://www.huffingtonpost.com/entry/amazon-prime-what-to-watch_us_5b044625e4b0c0b8b23ec14f", "short_description": "There's a great mini-series joining this week.", "date": "2018-05-26"}
{"category": "ENTERTAINMENT", "headline": "Mike Myers Reveals He'd 'Like To' Do A Fourth Austin Powers Film", "authors": "Andy McDonald", "link": "https://www.huffingtonpost.com/entry/mike-myers-reveals-he-wants-to-do-a-fourth-austin-powers-film_us_5b096198e4b0802d69cb9f15", "short_description": "Myer's kids may be pushing for a new \"Powers\" film more than anyone.", "date": "2018-05-26"}
{"category": "ENTERTAINMENT", "headline": "What To Watch On Hulu That s New This Week", "authors": "Todd Van Luling", "link": "https://www.huffingtonpost.com/entry/hulu-what-to-watch_us_5b0445bae4b0c0b8b23ec046", "short_description": "You're getting a recent Academy Award-winning movie.", "date": "2018-05-26"}
{"category": "ENTERTAINMENT", "headline": "Justin Timberlake Visits Texas School Shooting Victims", "authors": "Sebastian Murdock", "link": "https://www.huffingtonpost.com/entry/justin-timberlake-visits-texas-school-shooting-victims_us_5b098161e4b0fdb2aa54167e", "short_description": "The pop star also wore a \"Santa Fe Strong\" shirt at his show in Houston.", "date": "2018-05-26"}
{"category": "WORLD NEWS", "headline": "South Korean President Meets North Korea's Kim Jong Un To Talk Trump Summit", "authors": "", "link": "https://www.huffingtonpost.com/entry/south-korean-president-meets-north-koreas-kim-jong-un_us_5b094ebae4b0fdb2aa53e504", "short_description": "The two met to pave the way for a summit between North Korean and the U.S.", "date": "2018-05-26"}
{"category": "IMPACT", "headline": "With Its Way Of Life At Risk, This Remote Oyster-Growing Region Called In Robots", "authors": "Karen Pinchin", "link": "https://www.huffingtonpost.com/entry/remote-oyster-growing-region-called-in-robots_us_5b083658e4b0fdb2aa53415d", "short_description": "The revolution is coming to rural New Brunswick.", "date": "2018-05-26"}
{"category": "POLITICS", "headline": "Trump's Crackdown On Immigrant Parents Puts More Kids In An Already Strained System", "authors": "Elise Foley and Roque Planas", "link": "https://www.huffingtonpost.com/entry/immigrant-children-separated-from-parents_us_5b087b90e4b0802d69cb4070", "short_description": "Last month a Health and Human Services official revealed the government was unable to locate nearly 1,500 children who had been released from its custody.", "date": "2018-05-26"}
{"category": "POLITICS", "headline": "'Trump's Son Should Be Concerned': FBI Obtained Wiretaps Of Putin Ally Who Met With Trump Jr.", "authors": "Michael Isikoff, Yahoo News", "link": "https://www.huffingtonpost.com/entry/fbi-wiretaps-putin-ally-trump-jr_us_5b08bf56e4b0568a880b7859", "short_description": "The wiretaps feature conversations between Alexander Torshin and Alexander Romanov, a convicted Russian money launderer.", "date": "2018-05-26"}
{"category": "POLITICS", "headline": "Edward Snowden: There's No One Trump Loves More Than Vladimir Putin", "authors": "Mary Papenfuss", "link": "https://www.huffingtonpost.com/entry/edward-snowden-trump-loves-putin_us_5b08ae41e4b0568a880b7451", "short_description": "But don't count on Robert Mueller to nail him, the NSA whistleblower warns.", "date": "2018-05-26"}
{"category": "POLITICS", "headline": "Booyah: Obama Photographer Hilariously Trolls Trump's 'Spy' Claim", "authors": "Mary Papenfuss", "link": "https://www.huffingtonpost.com/entry/obama-photog-pete-souza-trolls-trump-spy-claim_us_5b08f77ee4b0568a880b8752", "short_description": "Just a peeping minute.", "date": "2018-05-26"}
{"category": "POLITICS", "headline": "Ireland Votes To Repeal Abortion Amendment In Landslide Referendum", "authors": "Laura Bassett", "link": "https://www.huffingtonpost.com/entry/results-for-irelands-historic-abortion-referendum-show-yes-vote-leads_us_5b086497e4b0802d69cb2cff", "short_description": "Irish women will no longer have to travel to the United Kingdom to end their pregnancies.", "date": "2018-05-26"}
{"category": "POLITICS", "headline": "Ryan Zinke Looks To Reel Back Some Critics With 'Grand Pivot' To Conservation", "authors": "Chris D'Angelo", "link": "https://www.huffingtonpost.com/entry/ryan-zinke-reel-back-critics-grand-pivot-conservation_us_5b086c78e4b0fdb2aa538b3f", "short_description": "The interior secretary attempts damage control with hunting and fishing groups that didn t like his fossil fuel focus.", "date": "2018-05-26"}
{"category": "POLITICS", "headline": "Trump's Scottish Golf Resort Pays Women Significantly Less Than Men: Report", "authors": "Mary Papenfuss", "link": "https://www.huffingtonpost.com/entry/trump-scottish-golf-resort-pays-women-less-than-men_us_5b08ca29e4b0802d69cb4d37", "short_description": "And there are four times as many male as female executives.", "date": "2018-05-26"}
{"category": "WEIRD NEWS", "headline": "Weird Father's Day Gifts Your Dad Doesn't Know He Wants (But He Does)", "authors": "David Moye", "link": "https://www.huffingtonpost.com/entry/weird-fathers-day-gifts-2018_us_5b05bf18e4b05f0fc84438f6", "short_description": "Why buy a boring tie when you can give him testicle plush toys?", "date": "2018-05-26"}
{"category": "ENTERTAINMENT", "headline": "Twitter #PutStarWarsInOtherFilms And It Was Universally Entertaining", "authors": "Andy McDonald", "link": "https://www.huffingtonpost.com/entry/twitter-put-star-wars-in-other-films_us_5b098875e4b0568a880be92c", "short_description": "There's no such thing as too much \"Star Wars.\"", "date": "2018-05-26"}
{"category": "WEIRD NEWS", "headline": "Mystery 'Wolf-Like' Animal Reportedly Shot In Montana, Baffles Wildlife Officials", "authors": "Hilary Hanson", "link": "https://www.huffingtonpost.com/entry/montana-wolf-like-animal-mystery_us_5b04533de4b003dc7e4708af", "short_description": " We have no idea what this was until we get a DNA report back.\"", "date": "2018-05-26"}
{"category": "WORLD NEWS", "headline": "North Korea Still Open To Talks After Trump Cancels Summit", "authors": "Josh Smith and Christine Kim, Reuters", "link": "https://www.huffingtonpost.com/entry/north-korea-reax-canceled-summit_us_5b07a93de4b0568a8809ccf2", "short_description": "Trump s announcement came after repeated threats by North Korea to pull out of the summit over what it saw as confrontational remarks by U.S. officials.", "date": "2018-05-25"}
{"category": "WORLD NEWS", "headline": "2 Men Detonate Bomb Inside Indian Restaurant Near Toronto, Authorities Say", "authors": "", "link": "https://www.huffingtonpost.com/entry/mississauga-canada-restaurant-bombing_us_5b079d47e4b0fdb2aa51f4dd", "short_description": "Fifteen people were taken to the hospital, three of them with critical injuries.", "date": "2018-05-25"}
{"category": "WORLD NEWS", "headline": "Thousands Travel Home To Ireland To Vote On Abortion Access", "authors": "Antonia Blumberg", "link": "https://www.huffingtonpost.com/entry/irish-traveled-home-vote-abortion_us_5b083753e4b0802d69cae69a", "short_description": "Just try to read these #HomeToVote tweets without crying.", "date": "2018-05-25"}
{"category": "WORLD NEWS", "headline": "Irish Voters Set To Liberalize Abortion Laws In Landslide, Exit Poll Signals", "authors": "", "link": "https://www.huffingtonpost.com/entry/ireland-abortion-vote-exit-poll_us_5b087cebe4b0802d69cb40f1", "short_description": "Vote counting will begin Saturday.", "date": "2018-05-25"}
{"category": "BLACK VOICES", "headline": "Warriors Coach Steve Kerr Calls NFL Ban On Protests 'Fake Patriotism'", "authors": "Sebastian Murdock", "link": "https://www.huffingtonpost.com/entry/warriors-coach-steve-kerr-nfl-ban-protests-fake-patriotism_us_5b082c41e4b0802d69cad469", "short_description": "Forbidding players to take a knee during the national anthem is  idiotic,  the coach said.", "date": "2018-05-25"}
{"category": "BLACK VOICES", "headline": "In Historic Victory, Barbados Elects First Female Prime Minister", "authors": "Kenya Downs", "link": "https://www.huffingtonpost.com/entry/mia-victory-barbados-elects-first-female-prime-minister-amor-mottley_us_5b0832eae4b0802d69cae087", "short_description": "Mia Amor Mottley even earned the backing of the country's most recognizable national: Rihanna.", "date": "2018-05-25"}
{"category": "BLACK VOICES", "headline": "Police Killed At Least 378 Black Americans From The Moment Colin Kaepernick Protested", "authors": "Sebastian Murdock", "link": "https://www.huffingtonpost.com/entry/police-killed-378-black-americans-colin-kaepernick_us_5b070160e4b07c4ea10655be", "short_description": "These Americans deserve to be more than another statistic.", "date": "2018-05-25"}
{"category": "POLITICS", "headline": "Jack Johnson Was Pardoned, But Taboo Sex Is Still Being Criminalized", "authors": "Jenavieve Hatch", "link": "https://www.huffingtonpost.com/entry/jack-johnson-taboo-sex-criminalized_us_5b08718be4b0802d69cb376a", "short_description": "A new law to fight sex trafficking targets some of the people it ostensibly aims to protect.", "date": "2018-05-25"}
{"category": "BLACK VOICES", "headline": "BET Chairman and CEO Debra Lee Is Stepping Down", "authors": "Carla Baranauckas", "link": "https://www.huffingtonpost.com/entry/bet-ceo-stepping-down-debra-lee_us_5b071754e4b07c4ea1066888", "short_description": "Lee brought more original shows to the black entertainment network and focused on family programming.", "date": "2018-05-25"}
{"category": "CRIME", "headline": "Rachel Dolezal Faces Felony Charges For Welfare Fraud", "authors": "Carla Herreria", "link": "https://www.huffingtonpost.com/entry/rachel-dolezal-charged-welfare-fraud_us_5b075ffae4b0568a8809a8c4", "short_description": "State prosecutors say almost $84,000 had been deposited into her bank account while she was receiving public assistance.", "date": "2018-05-25"}
{"category": "POLITICS", "headline": "Bishop Michael Curry Joins Christian March To White House To 'Reclaim Jesus'", "authors": "Carol Kuruvilla", "link": "https://www.huffingtonpost.com/entry/bishop-michael-curry-joins-christian-march-to-white-house-to-reclaim-jesus_us_5b07261ae4b0fdb2aa51b060", "short_description": "For Curry and others, being Christian means rejecting white nationalism and misogyny, while protecting immigrants, refugees and the poor.", "date": "2018-05-25"}
{"category": "ENTERTAINMENT", "headline": "Kanye West Spent $85,000 On Photo Of Whitney Houston's Bathroom For Album Cover", "authors": "Cole Delbyck", "link": "https://www.huffingtonpost.com/entry/kanye-west-spent-85000-on-infamous-whitney-houston-photo-for-album-cover_us_5b08050be4b0fdb2aa52c2e7", "short_description": "Pusha T's album, produced by West, features a photo of the late singer's bathroom.", "date": "2018-05-25"}
{"category": "WOMEN", "headline": "Morgan Freeman Dropped From Marketing Campaigns After Harassment Accusations", "authors": "Mary Papenfuss", "link": "https://www.huffingtonpost.com/entry/morgan-freeman-sexual-harassment-sponsors-flee_us_5b078509e4b0802d69c99037", "short_description": "Both Visa and Vancouver's public transit system have suspended work with him.", "date": "2018-05-25"}
{"category": "POLITICS", "headline": "How The Chinese Exclusion Act Can Help Us Understand Immigration Politics Today", "authors": "Marina Fang", "link": "https://www.huffingtonpost.com/entry/chinese-exclusion-act-immigration-politics_us_5b06a90fe4b05f0fc84552cf", "short_description": "The Chinese Exclusion Act barely gets mentioned in U.S. history classes. A new PBS documentary from directors Ric Burns and Li-Shin Yu could change that.", "date": "2018-05-25"}
{"category": "COMEDY", "headline": "Trump's New 'MAGA'-Themed Swimwear Sinks On Twitter", "authors": "Ed Mazza", "link": "https://www.huffingtonpost.com/entry/trump-maga-swimsuits_us_5b07ae38e4b0802d69c9aae9", "short_description": "\"Does this swimsuit make me look racist?\"", "date": "2018-05-25"}
{"category": "COMEDY", "headline": "Seth Meyers Has 1 Funny Regret After Trump Cancels North Korea Summit", "authors": "Ron Dicker", "link": "https://www.huffingtonpost.com/entry/seth-meyers-donald-trump-north-korea_us_5b07cfb3e4b0802d69c9ea1f", "short_description": "There goes the one token of his appreciation.", "date": "2018-05-25"}
{"category": "COMEDY", "headline": "Colbert Wants To Turn NYC Subway Rides Into A New And Terrible Punishment", "authors": "Ed Mazza", "link": "https://www.huffingtonpost.com/entry/stephen-colbert-michael-cohen-taxi-king_us_5b07654de4b0fdb2aa51da46", "short_description": "The \"Late Show\" host takes on Michael Cohen and his \"taxi king\" business partner.", "date": "2018-05-25"}
{"category": "CRIME", "headline": "Man Faces Charges After Pulling Knife, Stun Gun On Muslim Students At McDonald's", "authors": "Jenna Amatulli", "link": "https://www.huffingtonpost.com/entry/man-knife-stun-gun-muslim-students_us_5b084cece4b0802d69cb1ba8", "short_description": " We thought we were going to die,\" one of the students said.", "date": "2018-05-25"}
{"category": "COMEDY", "headline": "Jimmy Kimmel Knows Why Iran's Supreme Leader Watches 'Tom And Jerry'", "authors": "Ron Dicker", "link": "https://www.huffingtonpost.com/entry/jimmy-kimmel-ayatollah-tom-and-jerry_us_5b07e22ae4b0fdb2aa5284e2", "short_description": "The host reimagined the cartoon after Ayatollah Ali Khamenei brought up the cat and mouse in defiance of U.S. threats.", "date": "2018-05-25"}
{"category": "CRIME", "headline": "2 People Injured In Indiana School Shooting", "authors": "Marina Fang", "link": "https://www.huffingtonpost.com/entry/indiana-middle-school-active-shooter_us_5b0811c2e4b0802d69ca90f2", "short_description": "A male student, believed to be the suspect, has been detained, according to police.", "date": "2018-05-25"}
{"category": "ENTERTAINMENT", "headline": "People Are Rattled By How Much This Nigerian Man Looks Like Chadwick Boseman", "authors": "Jenna Amatulli", "link": "https://www.huffingtonpost.com/entry/nigerian-man-looks-like-chadwick-boseman_us_5b086b56e4b0fdb2aa538a92", "short_description": "Suleiman Abdulfatai looks like he could be the actor's long-lost brother.", "date": "2018-05-25"}
{"category": "ENTERTAINMENT", "headline": "David Cross Proves Yet Again That He s Terrible At Apologizing", "authors": "Elyse Wanshel", "link": "https://www.huffingtonpost.com/entry/david-cross-terrible-at-apologizing-jessica-walter_us_5b0813d8e4b0802d69ca9787", "short_description": "The comedian suggested Jessica Walter was also abusive on set after saying he d apologize for defending Jeffrey Tambor.", "date": "2018-05-25"}
{"category": "ENTERTAINMENT", "headline": "'Sesame Street' Creators Sue Makers Of Upcoming Adult-Themed Puppet Film", "authors": "Andy McDonald", "link": "https://www.huffingtonpost.com/entry/sesame-street-creators-sue-puppet-film-happytime-murders_us_5b0860fae4b0802d69cb2944", "short_description": " The Happytime Murders  refers to the classic show in its tagline.", "date": "2018-05-25"}
{"category": "ENTERTAINMENT", "headline": "What You Missed About The Saddest Death In 'Avengers: Infinity War'", "authors": "Bill Bradley", "link": "https://www.huffingtonpost.com/entry/saddest-death-avengers-infinity-war_us_5af9dc8de4b0200bcab7d3e0", "short_description": "Directors Joe and Anthony Russo answer our most pressing questions.", "date": "2018-05-25"}
{"category": "ENTERTAINMENT", "headline": "George Takei Accuser Walks Back Story Of Drugging And Sexual Assault", "authors": "Cole Delbyck", "link": "https://www.huffingtonpost.com/entry/george-takei-accuser-walks-back-story-of-drugging-and-sexual-assault_us_5b0816a9e4b0802d69caa3f8", "short_description": "The \"Star Trek\" actor was accused of groping a model 36 years ago.", "date": "2018-05-25"}
{"category": "ENTERTAINMENT", "headline": "Samantha Bee's Parents Think America Is Basically A War Zone", "authors": "Andy McDonald", "link": "https://www.huffingtonpost.com/entry/samantha-bee-parents-canadians-america_us_5b083ea4e4b0568a880b29d2", "short_description": "Her dad even sent her a Kevlar vest.", "date": "2018-05-25"}
{"category": "ENTERTAINMENT", "headline": "Pete Davidson Says His Mental Illness Doesn't Ruin Romance", "authors": "Ron Dicker", "link": "https://www.huffingtonpost.com/entry/pete-davidson-mental-illness-dating_us_5b07daf1e4b0568a880a3e16", "short_description": "The \"SNL\" star reacted to criticism that he shouldn't date Ariana Grande because of his borderline personality disorder.", "date": "2018-05-25"}
{"category": "ENTERTAINMENT", "headline": "James Corden And Adam Levine Get Pulled Over During 'Carpool Karaoke'", "authors": "Ed Mazza", "link": "https://www.huffingtonpost.com/entry/james-corden-adam-levine-carpool-karaoke-pulled-over_us_5b07b025e4b0fdb2aa5206b9", "short_description": "It was bound to happen.", "date": "2018-05-25"}
{"category": "ENTERTAINMENT", "headline": "Emilia Clarke Dishes On Her Final 'Game Of Thrones' Scene", "authors": "Ron Dicker", "link": "https://www.huffingtonpost.com/entry/emilia-clarke-game-of-thrones-final-scne_us_5b08137fe4b0568a880ac1af", "short_description": "Now we're really curious about the farewell season.", "date": "2018-05-25"}
{"category": "ENTERTAINMENT", "headline": "Hollywood Doesn't Need 'Difficult' Men To Make Great TV", "authors": "Emma Gray", "link": "https://www.huffingtonpost.com/entry/hollywood-doesnt-need-difficult-men-to-make-great-tv_us_5b080bcce4b0568a880aa6d9", "short_description": "\"Crazy Ex-Girlfriend's\" Vella Lovell pushes back on what old-school male actors see as the \"norm.\"", "date": "2018-05-25"}
{"category": "ENTERTAINMENT", "headline": "Harvey Weinstein Accusers Say They Never Thought He Would Be Arrested", "authors": "Marina Fang", "link": "https://www.huffingtonpost.com/entry/harvey-weinstein-accusers-reactions-arrest_us_5b07f755e4b0568a880a79b8", "short_description": "Some of the actresses who came forward with sexual assault claims against the once powerful Hollywood mogul responded with both surprise and relief.", "date": "2018-05-25"}
{"category": "ENTERTAINMENT", "headline": "Harvey Weinstein Turns Himself In To Police For Alleged Sex Crimes", "authors": "Sara Boboltz", "link": "https://www.huffingtonpost.com/entry/harvey-weinstein-arrested_us_5a020edee4b04e96f0c5f916", "short_description": "The bombshell sexual harassment accusations against Weinstein sparked the Me Too movement.", "date": "2018-05-25"}
{"category": "ENTERTAINMENT", "headline": "John Mayer's Weird New Low-Budget Video Is A Meme-Worthy Masterpiece", "authors": "Ed Mazza", "link": "https://www.huffingtonpost.com/entry/john-mayer-new-light-video_us_5b0780d6e4b0568a8809b6fa", "short_description": "Mayer's hilariously strange \"New Light\" video even spells his name wrong.", "date": "2018-05-25"}
{"category": "ENTERTAINMENT", "headline": "Now Boba Fett Is Getting His Own 'Star Wars' Movie", "authors": "Ed Mazza", "link": "https://www.huffingtonpost.com/entry/boba-fett-movie_us_5b07991fe4b0fdb2aa51f2dd", "short_description": "An Obi-Wan Kenobi film is also reportedly in development.", "date": "2018-05-25"}
{"category": "WORLD NEWS", "headline": "Trump Suggests North Korea Summit Could Still Happen", "authors": "Roberta Rampton and Christine Kim, Reuters", "link": "https://www.huffingtonpost.com/entry/trump-north-korea-summit_us_5b0823c7e4b0568a880aee31", "short_description": "He had canceled the planned June 12 summit less than a day earlier.", "date": "2018-05-25"}